{
 "vector": {
  "mean": 0.9800000000000001,
  "run_means": [
   1.0,
   1.0,
   1.0,
   0.9,
   1.0
  ],
  "scored": 10,
  "transient": 0
 },
 "vectorless": {
  "mean": 0.8800000000000001,
  "run_means": [
   0.9,
   0.8,
   0.9,
   0.9,
   0.9
  ],
  "scored": 10,
  "transient": 0
 }
}