{
 "vector": {
  "mean": 0.9571428571428573,
  "run_means": [
   1.0,
   0.8571428571428571,
   1.0,
   0.8571428571428571,
   1.0,
   1.0,
   1.0,
   1.0,
   1.0,
   0.8571428571428571
  ],
  "scored": 7,
  "transient": 0
 },
 "vectorless": {
  "mean": 0.9714285714285715,
  "run_means": [
   0.8571428571428571,
   0.8571428571428571,
   1.0,
   1.0,
   1.0,
   1.0,
   1.0,
   1.0,
   1.0,
   1.0
  ],
  "scored": 7,
  "transient": 0
 }
}